statistic,value
total_videos,96.0
total_people,135.0
total_person_frames,52882.0
average_frames_per_person,391.7185185185185
median_frames_per_person,297.0
minimum_frames_per_person,46.0
maximum_frames_per_person,1500.0
frames_not_interaction_ready,13200.0
people_with_not_interaction_ready,104.0
videos_with_not_interaction_ready,81.0
frames_interaction_ready,21448.0
people_with_interaction_ready,123.0
videos_with_interaction_ready,95.0
frames_interaction_ongoing,5352.0
people_with_interaction_ongoing,96.0
videos_with_interaction_ongoing,84.0
frames_interaction_done,12882.0
people_with_interaction_done,95.0
videos_with_interaction_done,84.0
