video_id,person_id,person_global_id,total_frames,not_interaction_ready,interaction_ready,interaction_ongoing,interaction_done
Oct-12-astor-place-03,person_1,Oct-12-astor-place-03_person_1,988,244,244,264,236
Oct-12-astor-place-08,person_1,Oct-12-astor-place-08_person_1,176,47,40,14,75
Oct-12-astor-place-09,person_1,Oct-12-astor-place-09_person_1,985,676,214,45,50
Oct-12-astor-place-12,person_1,Oct-12-astor-place-12_person_1,53,26,27,0,0
Oct-12-astor-place-13,person_1,Oct-12-astor-place-13_person_1,1251,0,1251,0,0
Oct-12-astor-place-13,person_2,Oct-12-astor-place-13_person_2,440,0,440,0,0
Oct-12-astor-place-13,person_3,Oct-12-astor-place-13_person_3,902,0,771,51,80
Oct-12-astor-place-15,person_1,Oct-12-astor-place-15_person_1,538,538,0,0,0
Oct-12-astor-place-15,person_2,Oct-12-astor-place-15_person_2,699,118,36,435,110
Oct-12-astor-place-17,person_1,Oct-12-astor-place-17_person_1,210,50,91,39,30
Oct-12-astor-place-19,person_1,Oct-12-astor-place-19_person_1,686,218,308,32,128
Oct-12-astor-place-20,person_1,Oct-12-astor-place-20_person_1,123,33,31,17,42
Oct-12-astor-place-21,person_1,Oct-12-astor-place-21_person_1,141,31,34,22,54
Oct-12-astor-place-22,person_1,Oct-12-astor-place-22_person_1,343,91,169,49,34
Oct-12-astor-place-22,person_2,Oct-12-astor-place-22_person_2,234,91,71,24,48
Oct-12-astor-place-23,person_1,Oct-12-astor-place-23_person_1,450,17,171,152,110
Oct-12-astor-place-24,person_1,Oct-12-astor-place-24_person_1,367,85,177,43,62
Oct-12-astor-place-24,person_2,Oct-12-astor-place-24_person_2,363,363,0,0,0
Oct-12-astor-place-25,person_1,Oct-12-astor-place-25_person_1,442,17,197,34,194
Oct-12-astor-place-26,person_1,Oct-12-astor-place-26_person_1,297,20,148,36,93
Oct-12-astor-place-28,person_1,Oct-12-astor-place-28_person_1,547,17,482,31,17
Oct-12-astor-place-31,person_1,Oct-12-astor-place-31_person_1,186,56,57,17,56
Oct-12-astor-place-32,person_1,Oct-12-astor-place-32_person_1,95,0,40,45,10
Oct-12-astor-place-33,person_1,Oct-12-astor-place-33_person_1,205,0,57,55,93
Oct-12-astor-place-35,person_1,Oct-12-astor-place-35_person_1,118,22,32,47,17
Oct-12-astor-place-36,person_1,Oct-12-astor-place-36_person_1,412,29,249,34,100
Oct-12-astor-place-37,person_1,Oct-12-astor-place-37_person_1,505,124,33,64,284
Oct-12-astor-place-38,person_1,Oct-12-astor-place-38_person_1,259,70,45,56,88
Oct-6-astor-place-03,person_1,Oct-6-astor-place-03_person_1,683,356,154,38,135
Oct-6-astor-place-09,person_1,Oct-6-astor-place-09_person_1,181,181,0,0,0
Oct-6-astor-place-09,person_2,Oct-6-astor-place-09_person_2,471,82,294,15,80
Oct-6-astor-place-12,person_1,Oct-6-astor-place-12_person_1,95,95,0,0,0
Oct-6-astor-place-12,person_2,Oct-6-astor-place-12_person_2,627,627,0,0,0
Oct-6-astor-place-21,person_1,Oct-6-astor-place-21_person_1,170,8,42,106,14
Oct-6-astor-place-21,person_2,Oct-6-astor-place-21_person_2,471,126,28,17,300
Oct-6-astor-place-22,person_1,Oct-6-astor-place-22_person_1,1086,271,294,232,289
Oct-6-astor-place-24,person_1,Oct-6-astor-place-24_person_1,772,33,124,132,483
Oct-6-astor-place-25,person_1,Oct-6-astor-place-25_person_1,249,27,124,49,49
Oct-6-astor-place-26,person_1,Oct-6-astor-place-26_person_1,220,0,57,25,138
Oct-6-astor-place-29,person_1,Oct-6-astor-place-29_person_1,121,42,28,33,18
Oct-6-astor-place-31,person_1,Oct-6-astor-place-31_person_1,405,33,187,42,143
Sep-21-astor-place-01,person_1,Sep-21-astor-place-01_person_1,149,33,17,24,75
Sep-21-astor-place-01,person_2,Sep-21-astor-place-01_person_2,354,7,17,181,149
Sep-21-astor-place-02,person_1,Sep-21-astor-place-02_person_1,309,33,191,36,49
Sep-21-astor-place-05,person_1,Sep-21-astor-place-05_person_1,256,101,42,18,95
Sep-21-astor-place-06,person_1,Sep-21-astor-place-06_person_1,454,0,239,83,132
Sep-21-astor-place-07,person_1,Sep-21-astor-place-07_person_1,131,17,21,11,82
Sep-21-astor-place-09,person_1,Sep-21-astor-place-09_person_1,780,780,0,0,0
Sep-21-astor-place-09,person_2,Sep-21-astor-place-09_person_2,437,117,60,29,231
Sep-21-astor-place-10,person_1,Sep-21-astor-place-10_person_1,935,358,577,0,0
Sep-21-astor-place-10,person_2,Sep-21-astor-place-10_person_2,927,207,326,88,306
Sep-21-astor-place-12,person_1,Sep-21-astor-place-12_person_1,492,381,111,0,0
Sep-21-astor-place-12,person_2,Sep-21-astor-place-12_person_2,550,320,120,0,110
Sep-21-astor-place-14,person_1,Sep-21-astor-place-14_person_1,340,33,120,148,39
Sep-21-astor-place-15,person_1,Sep-21-astor-place-15_person_1,359,33,302,24,0
Sep-21-astor-place-16,person_1,Sep-21-astor-place-16_person_1,212,52,47,21,92
Sep-21-astor-place-17,person_1,Sep-21-astor-place-17_person_1,340,340,0,0,0
Sep-21-astor-place-17,person_2,Sep-21-astor-place-17_person_2,329,0,63,33,233
Sep-21-astor-place-19,person_1,Sep-21-astor-place-19_person_1,286,51,179,39,17
Sep-21-astor-place-19,person_2,Sep-21-astor-place-19_person_2,139,72,67,0,0
Sep-21-astor-place-20,person_1,Sep-21-astor-place-20_person_1,298,33,98,134,33
Sep-21-astor-place-22,person_1,Sep-21-astor-place-22_person_1,460,0,69,41,350
Sep-21-astor-place-22,person_2,Sep-21-astor-place-22_person_2,423,0,58,19,346
Sep-21-astor-place-23,person_1,Sep-21-astor-place-23_person_1,187,70,17,24,76
Sep-26-astor-place-01,person_1,Sep-26-astor-place-01_person_1,229,119,33,17,60
Sep-26-astor-place-02,person_1,Sep-26-astor-place-02_person_1,96,0,96,0,0
Sep-26-astor-place-03,person_1,Sep-26-astor-place-03_person_1,51,17,8,17,9
Sep-26-astor-place-03,person_2,Sep-26-astor-place-03_person_2,158,33,30,95,0
Sep-26-astor-place-05,person_1,Sep-26-astor-place-05_person_1,237,237,0,0,0
Sep-26-astor-place-05,person_2,Sep-26-astor-place-05_person_2,240,104,66,21,49
Sep-26-astor-place-06,person_1,Sep-26-astor-place-06_person_1,223,102,17,19,85
Sep-26-astor-place-08,person_1,Sep-26-astor-place-08_person_1,161,0,87,18,56
Sep-26-astor-place-08,person_2,Sep-26-astor-place-08_person_2,293,104,125,31,33
Sep-26-astor-place-09,person_1,Sep-26-astor-place-09_person_1,793,490,155,54,94
Sep-26-astor-place-09,person_2,Sep-26-astor-place-09_person_2,329,91,238,0,0
Sep-26-astor-place-09,person_3,Sep-26-astor-place-09_person_3,237,0,144,24,69
Sep-26-astor-place-09,person_4,Sep-26-astor-place-09_person_4,145,29,33,26,57
Sep-26-astor-place-10,person_1,Sep-26-astor-place-10_person_1,1051,0,1051,0,0
Sep-26-astor-place-11,person_1,Sep-26-astor-place-11_person_1,393,51,71,19,252
Sep-26-astor-place-13,person_1,Sep-26-astor-place-13_person_1,372,17,201,49,105
Sep-26-astor-place-16,person_1,Sep-26-astor-place-16_person_1,399,399,0,0,0
Sep-26-astor-place-16,person_2,Sep-26-astor-place-16_person_2,206,206,0,0,0
Sep-26-astor-place-16,person_3,Sep-26-astor-place-16_person_3,201,33,54,27,87
Sep-26-astor-place-17,person_1,Sep-26-astor-place-17_person_1,151,21,130,0,0
Sep-26-astor-place-18,person_1,Sep-26-astor-place-18_person_1,325,325,0,0,0
Sep-26-astor-place-18,person_2,Sep-26-astor-place-18_person_2,243,0,63,35,145
Sep-26-astor-place-18,person_3,Sep-26-astor-place-18_person_3,293,293,0,0,0
Sep-26-astor-place-19,person_1,Sep-26-astor-place-19_person_1,106,47,33,17,9
Sep-26-astor-place-20,person_1,Sep-26-astor-place-20_person_1,1500,64,65,17,1354
Sep-26-astor-place-21,person_1,Sep-26-astor-place-21_person_1,161,33,28,23,77
Sep-26-astor-place-21,person_2,Sep-26-astor-place-21_person_2,265,184,81,0,0
Sep-26-astor-place-22,person_1,Sep-26-astor-place-22_person_1,391,173,93,51,74
Sep-26-astor-place-23,person_1,Sep-26-astor-place-23_person_1,301,17,43,75,166
Sep-26-astor-place-23,person_2,Sep-26-astor-place-23_person_2,276,17,220,28,11
Sep-26-astor-place-24,person_1,Sep-26-astor-place-24_person_1,540,75,217,54,194
Sep-26-astor-place-26,person_1,Sep-26-astor-place-26_person_1,623,62,59,35,467
Sep-26-astor-place-27,person_1,Sep-26-astor-place-27_person_1,141,33,21,47,40
Sep-26-astor-place-30,person_1,Sep-26-astor-place-30_person_1,209,0,101,28,80
Sep-26-astor-place-31,person_1,Sep-26-astor-place-31_person_1,423,130,199,33,61
Sep-26-astor-place-32,person_1,Sep-26-astor-place-32_person_1,226,33,193,0,0
Sep-26-astor-place-32,person_2,Sep-26-astor-place-32_person_2,682,107,264,221,90
Sep-26-astor-place-35,person_1,Sep-26-astor-place-35_person_1,251,17,186,23,25
Sep-26-astor-place-36,person_1,Sep-26-astor-place-36_person_1,71,35,17,12,7
Sep-26-astor-place-37,person_1,Sep-26-astor-place-37_person_1,46,0,46,0,0
Sep-26-astor-place-37,person_2,Sep-26-astor-place-37_person_2,69,0,69,0,0
Sep-26-astor-place-37,person_3,Sep-26-astor-place-37_person_3,201,51,40,30,80
Sep-26-astor-place-37,person_4,Sep-26-astor-place-37_person_4,165,0,165,0,0
Sep-26-astor-place-37,person_5,Sep-26-astor-place-37_person_5,246,65,96,85,0
Sep-26-astor-place-38,person_1,Sep-26-astor-place-38_person_1,321,46,33,77,165
Sep-26-astor-place-39,person_1,Sep-26-astor-place-39_person_1,527,161,24,146,196
Sep-26-astor-place-40,person_1,Sep-26-astor-place-40_person_1,311,86,115,25,85
Sep-26-astor-place-41,person_1,Sep-26-astor-place-41_person_1,271,46,109,31,85
Sep-28-astor-place-04,person_1,Sep-28-astor-place-04_person_1,1381,0,1221,60,100
Sep-28-astor-place-04,person_2,Sep-28-astor-place-04_person_2,666,201,465,0,0
Sep-28-astor-place-06,person_1,Sep-28-astor-place-06_person_1,135,16,44,15,60
Sep-28-astor-place-08,person_1,Sep-28-astor-place-08_person_1,643,104,116,64,359
Sep-28-astor-place-08,person_2,Sep-28-astor-place-08_person_2,101,0,101,0,0
Sep-28-astor-place-09,person_1,Sep-28-astor-place-09_person_1,1120,0,1120,0,0
Sep-28-astor-place-10,person_1,Sep-28-astor-place-10_person_1,971,17,493,42,419
Sep-28-astor-place-11,person_1,Sep-28-astor-place-11_person_1,100,50,28,11,11
Sep-28-astor-place-14,person_1,Sep-28-astor-place-14_person_1,194,0,154,24,16
Sep-28-astor-place-14,person_2,Sep-28-astor-place-14_person_2,196,0,173,22,1
Sep-28-astor-place-15,person_1,Sep-28-astor-place-15_person_1,181,16,165,0,0
Sep-28-astor-place-17,person_1,Sep-28-astor-place-17_person_1,1184,0,650,19,515
Sep-28-astor-place-17,person_2,Sep-28-astor-place-17_person_2,1144,197,449,0,498
Sep-28-astor-place-17,person_3,Sep-28-astor-place-17_person_3,471,0,471,0,0
Sep-28-astor-place-18,person_1,Sep-28-astor-place-18_person_1,138,0,138,0,0
Sep-28-astor-place-19,person_1,Sep-28-astor-place-19_person_1,391,0,391,0,0
Sep-28-astor-place-19,person_2,Sep-28-astor-place-19_person_2,146,0,146,0,0
Sep-28-astor-place-20,person_1,Sep-28-astor-place-20_person_1,106,0,106,0,0
Sep-28-astor-place-21,person_1,Sep-28-astor-place-21_person_1,164,0,164,0,0
Sep-28-astor-place-23,person_1,Sep-28-astor-place-23_person_1,130,59,33,27,11
Sep-28-astor-place-24,person_1,Sep-28-astor-place-24_person_1,261,61,93,47,60
Sep-28-astor-place-25,person_1,Sep-28-astor-place-25_person_1,601,380,53,48,120
Sep-28-astor-place-25,person_2,Sep-28-astor-place-25_person_2,596,44,67,215,270
