video_id,source_file,total_people,total_person_frames,average_frames_per_person,not_interaction_ready,interaction_ready,interaction_ongoing,interaction_done,people_with_not_interaction_ready,people_with_interaction_ready,people_with_interaction_ongoing,people_with_interaction_done
Oct-12-astor-place-03,Oct-12-astor-place-03.json,1,988,988.0,244,244,264,236,1,1,1,1
Oct-12-astor-place-08,Oct-12-astor-place-08.json,1,176,176.0,47,40,14,75,1,1,1,1
Oct-12-astor-place-09,Oct-12-astor-place-09.json,1,985,985.0,676,214,45,50,1,1,1,1
Oct-12-astor-place-12,Oct-12-astor-place-12.json,1,53,53.0,26,27,0,0,1,1,0,0
Oct-12-astor-place-13,Oct-12-astor-place-13.json,3,2593,864.3333333333334,0,2462,51,80,0,3,1,1
Oct-12-astor-place-15,Oct-12-astor-place-15.json,2,1237,618.5,656,36,435,110,2,1,1,1
Oct-12-astor-place-17,Oct-12-astor-place-17.json,1,210,210.0,50,91,39,30,1,1,1,1
Oct-12-astor-place-19,Oct-12-astor-place-19.json,1,686,686.0,218,308,32,128,1,1,1,1
Oct-12-astor-place-20,Oct-12-astor-place-20.json,1,123,123.0,33,31,17,42,1,1,1,1
Oct-12-astor-place-21,Oct-12-astor-place-21.json,1,141,141.0,31,34,22,54,1,1,1,1
Oct-12-astor-place-22,Oct-12-astor-place-22.json,2,577,288.5,182,240,73,82,2,2,2,2
Oct-12-astor-place-23,Oct-12-astor-place-23.json,1,450,450.0,17,171,152,110,1,1,1,1
Oct-12-astor-place-24,Oct-12-astor-place-24.json,2,730,365.0,448,177,43,62,2,1,1,1
Oct-12-astor-place-25,Oct-12-astor-place-25.json,1,442,442.0,17,197,34,194,1,1,1,1
Oct-12-astor-place-26,Oct-12-astor-place-26.json,1,297,297.0,20,148,36,93,1,1,1,1
Oct-12-astor-place-28,Oct-12-astor-place-28.json,1,547,547.0,17,482,31,17,1,1,1,1
Oct-12-astor-place-31,Oct-12-astor-place-31.json,1,186,186.0,56,57,17,56,1,1,1,1
Oct-12-astor-place-32,Oct-12-astor-place-32.json,1,95,95.0,0,40,45,10,0,1,1,1
Oct-12-astor-place-33,Oct-12-astor-place-33.json,1,205,205.0,0,57,55,93,0,1,1,1
Oct-12-astor-place-35,Oct-12-astor-place-35.json,1,118,118.0,22,32,47,17,1,1,1,1
Oct-12-astor-place-36,Oct-12-astor-place-36.json,1,412,412.0,29,249,34,100,1,1,1,1
Oct-12-astor-place-37,Oct-12-astor-place-37.json,1,505,505.0,124,33,64,284,1,1,1,1
Oct-12-astor-place-38,Oct-12-astor-place-38.json,1,259,259.0,70,45,56,88,1,1,1,1
Oct-6-astor-place-03,Oct-6-astor-place-03.json,1,683,683.0,356,154,38,135,1,1,1,1
Oct-6-astor-place-09,Oct-6-astor-place-09.json,2,652,326.0,263,294,15,80,2,1,1,1
Oct-6-astor-place-12,Oct-6-astor-place-12.json,2,722,361.0,722,0,0,0,2,0,0,0
Oct-6-astor-place-21,Oct-6-astor-place-21.json,2,641,320.5,134,70,123,314,2,2,2,2
Oct-6-astor-place-22,Oct-6-astor-place-22.json,1,1086,1086.0,271,294,232,289,1,1,1,1
Oct-6-astor-place-24,Oct-6-astor-place-24.json,1,772,772.0,33,124,132,483,1,1,1,1
Oct-6-astor-place-25,Oct-6-astor-place-25.json,1,249,249.0,27,124,49,49,1,1,1,1
Oct-6-astor-place-26,Oct-6-astor-place-26.json,1,220,220.0,0,57,25,138,0,1,1,1
Oct-6-astor-place-29,Oct-6-astor-place-29.json,1,121,121.0,42,28,33,18,1,1,1,1
Oct-6-astor-place-31,Oct-6-astor-place-31.json,1,405,405.0,33,187,42,143,1,1,1,1
Sep-21-astor-place-01,Sep-21-astor-place-01.json,2,503,251.5,40,34,205,224,2,2,2,2
Sep-21-astor-place-02,Sep-21-astor-place-02.json,1,309,309.0,33,191,36,49,1,1,1,1
Sep-21-astor-place-05,Sep-21-astor-place-05.json,1,256,256.0,101,42,18,95,1,1,1,1
Sep-21-astor-place-06,Sep-21-astor-place-06.json,1,454,454.0,0,239,83,132,0,1,1,1
Sep-21-astor-place-07,Sep-21-astor-place-07.json,1,131,131.0,17,21,11,82,1,1,1,1
Sep-21-astor-place-09,Sep-21-astor-place-09.json,2,1217,608.5,897,60,29,231,2,1,1,1
Sep-21-astor-place-10,Sep-21-astor-place-10.json,2,1862,931.0,565,903,88,306,2,2,1,1
Sep-21-astor-place-12,Sep-21-astor-place-12.json,2,1042,521.0,701,231,0,110,2,2,0,1
Sep-21-astor-place-14,Sep-21-astor-place-14.json,1,340,340.0,33,120,148,39,1,1,1,1
Sep-21-astor-place-15,Sep-21-astor-place-15.json,1,359,359.0,33,302,24,0,1,1,1,0
Sep-21-astor-place-16,Sep-21-astor-place-16.json,1,212,212.0,52,47,21,92,1,1,1,1
Sep-21-astor-place-17,Sep-21-astor-place-17.json,2,669,334.5,340,63,33,233,1,1,1,1
Sep-21-astor-place-19,Sep-21-astor-place-19.json,2,425,212.5,123,246,39,17,2,2,1,1
Sep-21-astor-place-20,Sep-21-astor-place-20.json,1,298,298.0,33,98,134,33,1,1,1,1
Sep-21-astor-place-22,Sep-21-astor-place-22.json,2,883,441.5,0,127,60,696,0,2,2,2
Sep-21-astor-place-23,Sep-21-astor-place-23.json,1,187,187.0,70,17,24,76,1,1,1,1
Sep-26-astor-place-01,Sep-26-astor-place-01.json,1,229,229.0,119,33,17,60,1,1,1,1
Sep-26-astor-place-02,Sep-26-astor-place-02.json,1,96,96.0,0,96,0,0,0,1,0,0
Sep-26-astor-place-03,Sep-26-astor-place-03.json,2,209,104.5,50,38,112,9,2,2,2,1
Sep-26-astor-place-05,Sep-26-astor-place-05.json,2,477,238.5,341,66,21,49,2,1,1,1
Sep-26-astor-place-06,Sep-26-astor-place-06.json,1,223,223.0,102,17,19,85,1,1,1,1
Sep-26-astor-place-08,Sep-26-astor-place-08.json,2,454,227.0,104,212,49,89,1,2,2,2
Sep-26-astor-place-09,Sep-26-astor-place-09.json,4,1504,376.0,610,570,104,220,3,4,3,3
Sep-26-astor-place-10,Sep-26-astor-place-10.json,1,1051,1051.0,0,1051,0,0,0,1,0,0
Sep-26-astor-place-11,Sep-26-astor-place-11.json,1,393,393.0,51,71,19,252,1,1,1,1
Sep-26-astor-place-13,Sep-26-astor-place-13.json,1,372,372.0,17,201,49,105,1,1,1,1
Sep-26-astor-place-16,Sep-26-astor-place-16.json,3,806,268.6666666666667,638,54,27,87,3,1,1,1
Sep-26-astor-place-17,Sep-26-astor-place-17.json,1,151,151.0,21,130,0,0,1,1,0,0
Sep-26-astor-place-18,Sep-26-astor-place-18.json,3,861,287.0,618,63,35,145,2,1,1,1
Sep-26-astor-place-19,Sep-26-astor-place-19.json,1,106,106.0,47,33,17,9,1,1,1,1
Sep-26-astor-place-20,Sep-26-astor-place-20.json,1,1500,1500.0,64,65,17,1354,1,1,1,1
Sep-26-astor-place-21,Sep-26-astor-place-21.json,2,426,213.0,217,109,23,77,2,2,1,1
Sep-26-astor-place-22,Sep-26-astor-place-22.json,1,391,391.0,173,93,51,74,1,1,1,1
Sep-26-astor-place-23,Sep-26-astor-place-23.json,2,577,288.5,34,263,103,177,2,2,2,2
Sep-26-astor-place-24,Sep-26-astor-place-24.json,1,540,540.0,75,217,54,194,1,1,1,1
Sep-26-astor-place-26,Sep-26-astor-place-26.json,1,623,623.0,62,59,35,467,1,1,1,1
Sep-26-astor-place-27,Sep-26-astor-place-27.json,1,141,141.0,33,21,47,40,1,1,1,1
Sep-26-astor-place-30,Sep-26-astor-place-30.json,1,209,209.0,0,101,28,80,0,1,1,1
Sep-26-astor-place-31,Sep-26-astor-place-31.json,1,423,423.0,130,199,33,61,1,1,1,1
Sep-26-astor-place-32,Sep-26-astor-place-32.json,2,908,454.0,140,457,221,90,2,2,1,1
Sep-26-astor-place-35,Sep-26-astor-place-35.json,1,251,251.0,17,186,23,25,1,1,1,1
Sep-26-astor-place-36,Sep-26-astor-place-36.json,1,71,71.0,35,17,12,7,1,1,1,1
Sep-26-astor-place-37,Sep-26-astor-place-37.json,5,727,145.4,116,416,115,80,2,5,2,1
Sep-26-astor-place-38,Sep-26-astor-place-38.json,1,321,321.0,46,33,77,165,1,1,1,1
Sep-26-astor-place-39,Sep-26-astor-place-39.json,1,527,527.0,161,24,146,196,1,1,1,1
Sep-26-astor-place-40,Sep-26-astor-place-40.json,1,311,311.0,86,115,25,85,1,1,1,1
Sep-26-astor-place-41,Sep-26-astor-place-41.json,1,271,271.0,46,109,31,85,1,1,1,1
Sep-28-astor-place-04,Sep-28-astor-place-04.json,2,2047,1023.5,201,1686,60,100,1,2,1,1
Sep-28-astor-place-06,Sep-28-astor-place-06.json,1,135,135.0,16,44,15,60,1,1,1,1
Sep-28-astor-place-08,Sep-28-astor-place-08.json,2,744,372.0,104,217,64,359,1,2,1,1
Sep-28-astor-place-09,Sep-28-astor-place-09.json,1,1120,1120.0,0,1120,0,0,0,1,0,0
Sep-28-astor-place-10,Sep-28-astor-place-10.json,1,971,971.0,17,493,42,419,1,1,1,1
Sep-28-astor-place-11,Sep-28-astor-place-11.json,1,100,100.0,50,28,11,11,1,1,1,1
Sep-28-astor-place-14,Sep-28-astor-place-14.json,2,390,195.0,0,327,46,17,0,2,2,2
Sep-28-astor-place-15,Sep-28-astor-place-15.json,1,181,181.0,16,165,0,0,1,1,0,0
Sep-28-astor-place-17,Sep-28-astor-place-17.json,3,2799,933.0,197,1570,19,1013,1,3,1,2
Sep-28-astor-place-18,Sep-28-astor-place-18.json,1,138,138.0,0,138,0,0,0,1,0,0
Sep-28-astor-place-19,Sep-28-astor-place-19.json,2,537,268.5,0,537,0,0,0,2,0,0
Sep-28-astor-place-20,Sep-28-astor-place-20.json,1,106,106.0,0,106,0,0,0,1,0,0
Sep-28-astor-place-21,Sep-28-astor-place-21.json,1,164,164.0,0,164,0,0,0,1,0,0
Sep-28-astor-place-23,Sep-28-astor-place-23.json,1,130,130.0,59,33,27,11,1,1,1,1
Sep-28-astor-place-24,Sep-28-astor-place-24.json,1,261,261.0,61,93,47,60,1,1,1,1
Sep-28-astor-place-25,Sep-28-astor-place-25.json,2,1197,598.5,424,120,263,390,2,2,2,2
